id,n_authors,len_char_title,len_word_title,len_char_abstract,len_word_abstract,n_keywords,ref_len,ref_latest,contains_ml_keyword,avg_sent_len,abs_glove_avg,contains_sota,num_recent_refs,avg_ref_length,num_sections,contains_appendix,fig_tab_eqn_count,contains_table,contains_figure,contains_equation,iclr_references,label,max_pub,max_cit
HyenWc5gx,3,87,11,1464,219,3,40,2016,1,24.4,0.061220183968544006,1,27,19,20,1,8,1,0,1,0,Reject,83,1908
Hk8TGSKlg,2,74,9,769,109,2,17,2016,1,22.333333333333332,0.05018134415149689,1,14,47,16,1,2,1,1,1,0,Accept,113,3062
HkIQH7qel,4,73,8,1007,155,1,21,2016,1,22.125,0.04701963812112808,0,17,105,15,0,9,1,1,1,2,Reject,47,2464
SkBsEQYll,2,90,10,1082,157,3,30,2016,1,31.833333333333332,0.052373290061950684,0,13,28,9,1,0,0,1,0,0,Reject,543,33598
rkE8pVcle,5,58,7,648,103,1,25,2016,0,28.5,0.07449155300855637,0,18,37,17,1,6,1,1,0,0,Accept,68,9205
Skn9Shcxe,3,65,8,1038,154,3,12,2017,1,28.166666666666668,0.02720504067838192,0,11,37,17,0,3,1,1,1,0,Accept,335,20571
ByOvsIqeg,5,57,6,1382,199,3,31,2016,1,28.25,0.06920092552900314,1,25,390,10,0,4,1,1,1,1,Accept,159,1571
BkjLkSqxg,4,44,5,1315,179,2,59,2016,1,31.125,0.04018601030111313,1,35,61,18,1,6,1,1,0,1,Reject,172,15311
r17RD2oxe,4,41,8,1340,213,3,26,2016,1,25.77777777777778,0.05204962566494942,0,21,40,11,1,0,0,1,0,0,Reject,237,37575
B1gtu5ilg,6,76,10,1640,235,2,39,2016,1,37.285714285714285,0.06128000095486641,0,26,33,14,1,1,1,1,1,0,Accept,509,23615
HkwoSDPgg,5,79,10,1549,236,0,44,2016,1,30.4,0.04811715707182884,1,23,434,17,1,0,0,1,1,0,Accept,346,27192
BJbD_Pqlg,1,35,5,1087,146,2,67,2016,0,25.142857142857142,0.05618448555469513,0,37,45,23,1,4,1,1,1,0,Reject,6,9
SkgSXUKxx,4,59,8,798,113,2,26,2016,1,19.857142857142858,0.050610922276973724,0,14,385,15,0,2,1,1,1,0,Reject,1,0
S1dIzvclg,2,40,6,415,59,0,13,2015,1,24.666666666666668,0.053680211305618286,0,8,146,6,1,3,1,1,0,0,Accept,25,474
HyAddcLge,5,38,4,718,105,3,30,2016,1,23.4,0.059913549572229385,0,26,317,13,1,2,1,1,1,0,Reject,93,6074
Sk8csP5ex,2,84,14,827,131,2,15,2016,0,17.11111111111111,0.06467516720294952,0,11,190,12,1,1,1,1,1,0,Reject,209,9502
r1BJLw9ex,2,79,10,859,127,0,15,2016,0,27.8,0.059148963540792465,1,12,23,14,1,2,1,1,0,4,Reject,69,2114
rJsiFTYex,4,75,14,625,89,3,28,2016,1,21.0,0.04833369329571724,0,25,26,10,0,1,1,1,1,0,Reject,70,11331
r1VGvBcxl,5,75,9,642,89,1,14,2016,0,27.75,0.0639151930809021,1,12,24,16,0,11,1,1,0,0,Accept,56,471
B1-Hhnslg,3,43,5,1062,156,2,27,2016,1,32.0,0.04100663959980011,1,19,30,11,0,3,1,1,1,1,Reject,165,7498
BysZhEqee,3,82,12,1203,178,0,33,2015,1,31.0,0.04564543813467026,1,14,43,21,0,0,0,1,0,0,Reject,216,656
rJqBEPcxe,10,68,9,841,113,1,35,2016,1,23.5,0.050892364233732224,1,27,35,20,1,4,1,1,0,0,Accept,539,64834
ryxB0Rtxx,2,33,5,1278,189,0,20,2016,1,28.375,0.05834877863526344,0,17,98,13,0,2,1,0,1,0,Accept,50,2022
ry4Vrt5gl,2,20,3,565,80,2,35,2016,1,21.5,0.06504712998867035,0,17,57,22,1,1,1,1,0,0,Accept,387,72065
HkxAAvcxx,6,46,5,981,152,2,13,2016,0,23.857142857142858,0.05153966322541237,0,12,34,12,0,3,1,1,0,1,Reject,79,9205
r1LXit5ee,4,82,9,1040,146,3,56,2016,0,24.714285714285715,0.05292651802301407,0,25,35,17,1,5,1,1,1,0,Accept,36,1782
HJGODLqgx,5,34,4,1100,159,3,39,2016,1,24.125,0.06972875446081161,1,25,58,19,1,4,1,1,1,0,Accept,173,4155
Hkg4TI9xl,2,90,11,685,91,1,41,2016,0,21.8,0.060220904648303986,0,21,33,16,0,12,1,1,0,2,Accept,69,2114
H1W1UN9gg,4,28,3,1047,165,2,17,2016,1,22.625,0.06060601398348808,0,13,29,32,1,0,0,1,1,1,Accept,75,1627
rJ0-tY5xe,9,66,10,1608,253,3,28,2016,0,26.272727272727273,0.07352197915315628,0,24,135,13,0,2,1,1,0,4,Accept,233,11691
B1hdzd5lg,6,66,8,774,106,2,28,2016,0,27.0,0.06175508350133896,1,26,169,14,0,5,1,1,0,2,Accept,320,24210
r1kQkVFgl,4,61,9,1572,234,0,36,2016,1,26.6,0.04269726574420929,0,31,28,13,1,2,1,1,1,1,Reject,148,3133
BJa0ECFxe,2,67,8,1137,166,2,14,2016,0,46.0,0.06434907764196396,0,8,133,11,1,3,1,1,1,2,Reject,356,11693
Hk1iOLcle,7,65,9,1086,171,0,25,2016,0,24.125,0.05418559908866882,0,19,304,8,0,6,1,1,0,0,Reject,607,21920
H178hw9ex,3,32,4,1707,246,2,32,2017,1,23.333333333333332,0.06892630457878113,0,19,28,18,1,3,1,1,1,0,Reject,470,18782
r1te3Fqel,6,72,9,790,121,3,37,2016,1,36.75,0.047696687281131744,0,34,49,7,1,7,1,1,1,0,Reject,93,1480
r1WUqIceg,2,51,6,841,131,2,13,2016,1,20.428571428571427,0.06881465762853622,1,6,22,10,0,1,1,1,0,0,Reject,7,19
rJxDkvqee,3,52,6,1151,161,0,9,2017,1,24.5,0.04512197524309158,0,5,56,14,1,5,1,1,0,4,Accept,104,2428
rJiNwv9gg,4,53,6,947,134,3,5,2017,1,25.5,0.06457483023405075,0,2,417,13,1,0,0,1,1,5,Accept,10,790
SJTQLdqlg,4,32,5,1271,191,1,33,2016,1,24.636363636363637,0.0647357702255249,1,24,40,6,0,4,1,1,0,1,Accept,93,6074
Sy4tzwqxe,2,42,6,795,107,1,29,2017,1,24.6,0.07389313727617264,0,23,55,10,0,0,0,1,0,2,Reject,71,827
HyQWFOVge,3,74,8,946,131,2,44,2016,0,30.0,0.0450560599565506,1,32,48,15,0,5,1,1,1,2,Reject,635,3830
ByQPVFull,4,69,8,946,134,3,25,2016,1,30.0,0.054108209908008575,0,18,41,13,0,7,1,1,0,0,Reject,607,24855
SJMGPrcle,12,44,6,970,138,2,13,2017,0,30.8,0.06768135726451874,0,11,45,21,1,5,1,1,0,3,Accept,62,8958
Hk4_qw5xe,2,71,8,774,113,0,15,2016,1,20.666666666666668,0.05153855308890343,0,12,71,10,1,0,0,1,1,1,Accept,8,611
ryT4pvqll,3,64,7,1103,153,1,48,2016,1,20.444444444444443,0.0557548888027668,0,29,41,18,1,6,1,1,0,1,Accept,13,73
BJuysoFeg,5,62,7,1263,183,0,39,2016,1,24.22222222222222,0.0620969757437706,1,29,37,16,0,7,1,1,0,0,Reject,143,625
ry18Ww5ee,5,80,8,869,120,0,31,2016,1,23.833333333333332,0.077418252825737,1,19,75,13,1,7,1,1,0,0,Accept,51,2705
HJhcg6Fxg,2,24,3,940,132,2,16,2020,1,22.857142857142858,0.05104423686861992,1,9,392,7,0,7,1,1,0,0,Reject,23,135
H1_QSDqxl,2,28,5,844,128,1,32,2016,1,15.1,0.046648453921079636,0,17,40,9,1,1,1,1,1,1,Reject,100,1303
ryAe2WBee,5,45,5,1174,173,1,21,2016,1,29.714285714285715,0.050176721066236496,1,13,39,16,0,5,1,1,0,0,Reject,199,9576
Hk-mgcsgx,2,83,11,1167,156,1,23,2015,1,25.714285714285715,0.0698264092206955,0,9,60,8,0,0,0,1,0,0,Reject,91,969
Bk0FWVcgx,2,60,7,1631,256,2,23,2017,1,32.55555555555556,0.06487530469894409,0,18,250,21,1,4,1,1,0,0,Accept,56,2248
HksioDcxl,4,73,10,712,104,0,27,2016,1,24.8,0.051476817578077316,1,17,53,14,0,2,1,1,0,0,Reject,370,53943
BJ_MGwqlg,12,61,7,930,128,1,23,2015,1,38.5,0.06059148907661438,1,18,324,16,0,0,0,1,0,0,Reject,288,11545
rkFBJv9gg,3,39,6,956,145,1,35,2016,1,30.333333333333332,0.048191919922828674,0,19,33,16,1,9,1,1,0,0,Accept,143,7540
r1X3g2_xl,3,68,7,881,125,3,37,2016,0,29.0,0.06186835467815399,1,23,45,13,0,8,1,1,1,4,Accept,76,8943
Bk67W4Yxl,1,38,5,459,74,3,12,2016,0,19.5,0.05581922456622124,0,9,160,9,0,2,1,1,0,0,Reject,136,1090
ry7O1ssex,4,78,10,1090,163,0,19,2016,1,27.857142857142858,0.06884309649467468,0,11,264,11,0,3,1,1,1,0,Reject,201,3350
S1jE5L5gl,3,79,11,1365,190,3,55,2016,1,26.125,0.08889684826135635,0,36,56,21,1,1,1,1,1,1,Accept,177,13583
H1Go7Koex,2,70,7,1333,190,1,26,2016,1,16.142857142857142,0.036545246839523315,1,22,41,12,0,2,1,1,1,0,Reject,1,0
BkVsEMYel,2,70,9,1634,243,2,46,2016,0,26.4,0.05559008941054344,0,25,208,15,1,0,0,1,1,0,Accept,258,8528
SkYbF1slg,2,106,13,1060,149,3,45,2017,0,27.833333333333332,0.06483791023492813,0,8,45,20,1,0,0,1,1,0,Accept,1,2
S1J0E-71l,1,47,5,737,100,3,12,2016,1,18.833333333333332,0.05391808971762657,0,8,19,13,0,1,1,1,0,0,Reject,22,91
rJxdQ3jeg,3,38,4,1372,197,0,40,2016,1,28.75,0.05369207262992859,0,16,0,11,1,0,0,1,0,2,Accept,260,35683
ByvJuTigl,2,38,4,808,110,2,23,2016,1,45.333333333333336,0.0728454664349556,0,18,22,22,1,3,1,1,1,0,Reject,167,3417
rJQKYt5ll,2,14,2,815,124,0,44,2016,1,26.4,0.06549865752458572,1,26,346,20,1,5,1,1,1,0,Accept,210,8622
Sk-oDY9ge,10,47,8,2107,332,4,27,2016,1,30.583333333333332,0.08053275942802429,0,19,76,13,1,1,1,1,0,0,Accept,539,64834
HkYhZDqxg,2,62,6,918,143,3,25,2017,0,26.833333333333332,0.077285535633564,0,18,29,15,1,8,1,1,0,2,Accept,194,14614
rkKCdAdgx,2,72,10,1189,180,3,50,2016,0,30.428571428571427,0.07435315102338791,0,21,42,23,1,17,1,1,1,4,Reject,96,2364
ByC7ww9le,3,95,13,930,153,3,25,2015,1,29.166666666666668,0.04593159630894661,0,21,44,20,1,14,1,1,0,0,Reject,93,10881
S1di0sfgl,3,49,5,968,135,2,60,2016,1,29.2,0.04177118465304375,0,43,50,11,0,4,1,1,1,0,Accept,539,64834
BJC_jUqxe,7,46,5,738,119,3,43,2016,1,19.0,0.054789286106824875,0,40,42,17,1,4,1,1,1,0,Accept,539,64834
r1kGbydxg,2,80,13,747,102,2,18,2016,0,31.25,0.05452491343021393,0,11,23,13,0,3,1,1,1,0,Reject,93,3217
Syfkm6cgx,2,81,9,847,121,1,20,2016,1,18.857142857142858,0.06002331152558327,0,18,38,34,1,6,1,1,1,0,Reject,176,3685
B1akgy9xx,4,57,7,1413,205,3,31,2016,1,35.42857142857143,0.06042037904262543,0,20,46,22,1,6,1,1,1,0,Reject,181,4522
B1s6xvqlx,4,32,3,856,131,3,27,2016,1,30.0,0.0566621869802475,0,16,39,22,1,0,0,1,1,0,Accept,42,2337
rJLS7qKel,2,40,7,1164,158,0,47,2017,1,18.3,0.05458143353462219,0,33,42,10,1,7,1,1,1,3,Accept,134,5373
ryaFG5ige,2,76,11,1306,208,3,14,2016,1,21.818181818181817,0.05776697024703026,0,6,40,16,1,2,1,1,0,2,Reject,97,725
Byiy-Pqlx,2,33,4,1255,225,3,18,2016,1,20.166666666666668,0.06457939743995667,0,14,75,12,1,3,1,1,1,0,Accept,56,1812
BysvGP5ee,8,29,3,1125,171,2,50,2017,1,28.714285714285715,0.043670687824487686,1,41,61,18,1,6,1,1,0,0,Accept,299,37176
HyAbMKwxe,1,43,6,700,105,0,11,2014,0,28.75,0.06108223274350166,0,3,96,10,0,4,1,1,1,0,Accept,41,2865
Sk2Im59ex,3,42,4,911,152,4,25,2016,1,28.166666666666668,0.08064442873001099,0,20,121,16,1,0,0,1,1,1,Accept,209,9502
BkUDvt5gg,3,65,8,585,89,3,31,2015,0,15.571428571428571,0.04033483564853668,0,22,38,9,0,4,1,1,0,0,Reject,62,6039
Sy1rwtKxg,4,57,7,1058,162,0,15,2016,0,20.555555555555557,0.05570416525006294,0,6,218,11,1,3,1,1,1,0,Reject,112,3595
BJhZeLsxx,4,47,8,776,119,2,27,2016,1,27.4,0.07170596718788147,1,17,965,8,1,0,0,1,0,0,Accept,233,4025
HJWHIKqgl,7,76,10,996,160,1,34,2019,1,36.4,0.061303433030843735,0,21,216,6,1,0,0,1,0,3,Accept,370,53943
HJpfMIFll,3,20,3,1484,232,1,27,2016,0,35.0,0.05693682283163071,1,13,39,20,1,12,1,1,1,0,Accept,209,14740
B1-q5Pqxl,2,57,7,1145,173,2,27,2016,1,21.0,0.04627479985356331,0,26,60,17,1,9,1,1,0,3,Accept,110,5216
S1oWlN9ll,3,40,5,1037,148,3,28,2016,1,18.88888888888889,0.0647076740860939,0,24,27,17,0,5,1,1,0,7,Accept,220,7780
BylSPv9gx,4,47,6,1192,201,3,21,2016,1,25.22222222222222,0.07147202640771866,1,17,24,14,0,13,1,1,1,0,Accept,15,600
HJPmdP9le,4,58,7,923,136,0,28,2016,1,20.25,0.052991606295108795,1,17,263,16,0,7,1,1,1,0,Reject,179,9217
Skvgqgqxe,5,68,9,782,105,0,37,2016,1,33.0,0.06281538307666779,0,25,40,9,0,5,1,1,1,1,Accept,40,2169
H1zJ-v5xl,4,31,3,944,134,2,36,2016,1,31.0,0.06566780805587769,0,33,30,15,1,2,1,1,1,2,Accept,70,11331
HJTzHtqee,2,53,7,667,96,2,30,2016,1,18.5,0.06697108596563339,0,29,36,14,0,5,1,1,0,4,Accept,110,5216
rky3QW9le,2,30,3,1271,179,3,19,2016,1,23.22222222222222,0.054276205599308014,0,5,219,13,1,1,1,1,1,0,Reject,224,9696
rksfwnFxl,5,95,11,984,140,0,48,2016,1,27.666666666666668,0.05517562851309776,0,20,53,13,0,1,1,1,0,0,Reject,177,1350
ByxpMd9lx,3,75,9,989,144,3,29,2016,1,29.666666666666668,0.06502976268529892,1,17,52,16,0,6,1,1,0,0,Accept,320,24210
rJ0JwFcex,6,32,3,1638,251,2,31,2016,1,25.833333333333332,0.06764476001262665,0,23,57,22,1,3,1,1,0,1,Accept,271,10700
r1nTpv9eg,6,71,9,1364,207,2,43,2016,1,31.714285714285715,0.06149924919009209,0,37,42,15,0,0,0,1,0,1,Accept,150,15311
BJ9fZNqle,4,40,3,1170,159,3,54,2016,0,31.333333333333332,0.07101955264806747,0,38,45,18,1,4,1,1,0,3,Reject,175,12282
rJq_YBqxx,2,70,8,1018,154,2,30,2016,1,20.666666666666668,0.048791658133268356,1,25,34,17,0,5,1,1,0,2,Reject,1,0
H1oyRlYgg,5,78,12,1047,166,2,44,2016,1,32.333333333333336,0.056506551802158356,0,28,31,22,1,9,1,1,1,1,Accept,136,17019
HJ0NvFzxl,1,36,4,868,137,4,25,2016,0,28.333333333333332,0.06953022629022598,0,19,63,22,1,8,1,1,1,0,Accept,4,22
rJeKjwvclx,3,51,6,774,120,3,29,2016,1,17.625,0.061928920447826385,1,26,27,26,1,2,1,1,1,1,Accept,70,11331
rywUcQogx,3,45,4,747,115,1,24,2016,0,28.6,0.06624496728181839,0,19,42,18,1,4,1,1,1,2,Reject,293,5586
ByG8A7cee,4,31,3,669,98,2,30,2016,1,27.5,0.060923151671886444,0,26,83,13,0,4,1,1,1,0,Reject,14,640
BJlxmAKlg,4,59,9,1018,144,2,24,2016,1,27.833333333333332,0.06298831850290298,1,20,54,10,1,4,1,1,0,3,Reject,286,8378
SyWvgP5el,4,68,10,1126,164,2,40,2016,1,30.833333333333332,0.07219235599040985,0,22,39,14,1,8,1,1,0,0,Accept,166,3667
SJAr0QFxe,4,19,2,1054,152,3,27,2016,0,29.5,0.07315041124820709,0,22,19,17,1,0,0,1,1,0,Reject,284,3052
S1VaB4cex,3,56,7,1287,177,0,40,2017,1,26.75,0.06445132195949554,0,35,37,12,0,10,1,1,0,3,Accept,59,5836
SkpSlKIel,2,52,7,1214,178,0,19,2016,1,28.857142857142858,0.09048665314912796,0,9,256,19,1,0,0,1,1,0,Accept,346,16586
SygGlIBcel,2,91,12,741,112,2,39,2016,0,18.857142857142858,0.048865363001823425,0,26,391,20,0,5,1,1,1,0,Reject,66,622
SypU81Ole,1,28,3,807,110,3,16,2016,1,20.166666666666668,0.06657998263835907,0,13,25,11,0,3,1,1,0,1,Reject,2,28
B1YfAfcgl,9,55,8,1124,160,2,79,2016,1,31.5,0.06645502150058746,1,56,28,20,1,1,1,1,1,2,Accept,356,45433
HkCjNI5ex,5,73,8,878,117,4,49,2016,1,29.8,0.04553886502981186,1,38,24,18,0,1,1,1,0,0,Reject,388,123348
B1G9tvcgx,5,65,10,1107,156,0,29,2016,1,29.833333333333332,0.047855671495199203,0,26,59,23,1,4,1,1,1,1,Reject,530,10155
SyW2QSige,3,34,3,720,103,0,29,2016,0,22.6,0.06797842681407928,0,18,67,13,0,0,0,1,0,3,Reject,38,858
B1M8JF9xx,4,63,8,937,131,2,31,2016,1,30.8,0.05966276675462723,0,23,29,25,1,3,1,1,0,6,Accept,162,24210
rkjZ2Pcxe,7,62,9,1238,169,0,60,2016,0,24.75,0.0708170160651207,1,42,32,11,0,10,1,1,1,3,Reject,123,37176
ryZqPN5xe,5,64,12,881,136,3,32,2017,1,32.0,0.07681018859148026,0,27,305,11,0,0,0,1,1,0,Reject,65,1591
B1mAJI9gl,5,72,8,841,119,2,50,2016,1,27.2,0.06436529755592346,0,25,49,18,1,12,1,1,1,1,Reject,130,10805
ryPx38qge,1,40,7,1271,193,3,34,2016,0,24.22222222222222,0.0594174899160862,1,30,35,18,1,6,1,1,0,0,Reject,1,0
ByOK0rwlx,4,95,13,1400,217,1,20,2016,1,27.0,0.08340863138437271,0,16,30,11,1,8,1,1,1,1,Reject,154,3349
BJ5UeU9xx,4,73,9,727,107,2,21,2016,0,24.0,0.07247121632099152,0,14,43,13,1,0,0,1,1,0,Accept,210,8622
B1ZXuTolx,1,34,3,567,89,0,7,2015,0,24.5,0.056023288518190384,0,3,721,10,0,0,0,1,0,0,Reject,4,2
BkIqod5ll,3,79,9,921,137,2,19,2016,1,22.571428571428573,0.061182308942079544,1,10,273,12,0,2,1,1,0,0,Reject,3,3
HJDBUF5le,2,29,4,1081,169,0,34,2016,0,23.375,0.06338365375995636,0,25,95,16,1,1,1,1,0,3,Accept,135,1994
r1fYuytex,3,97,12,1440,204,3,45,2016,1,27.444444444444443,0.07205544412136078,0,33,238,12,0,11,1,1,0,0,Accept,230,2979
SJBr9Mcxl,3,57,7,1155,179,2,24,2016,1,28.857142857142858,0.05251492187380791,0,17,389,11,0,1,1,1,0,2,Reject,102,1986
SJQNqLFgl,2,49,6,916,137,0,59,2016,1,25.333333333333332,0.034837983548641205,0,51,240,14,1,4,1,1,0,0,Reject,18,138
BkJsCIcgl,11,48,7,872,129,4,25,2016,0,20.714285714285715,0.04998389258980751,0,17,27,16,1,0,0,1,1,2,Reject,102,8941
Bkab5dqxe,4,67,8,1072,151,2,53,2016,0,34.0,0.0699148029088974,0,38,69,18,0,0,0,1,0,0,Accept,393,28693
SJGCiw5gl,5,70,8,1114,157,2,31,2016,1,22.75,0.06364861130714417,0,23,34,22,1,5,1,1,1,1,Accept,92,1843
r1osyr_xg,2,65,9,1096,171,2,37,2016,1,16.0,0.060006409883499146,0,33,50,16,0,5,1,1,1,1,Reject,273,1427
Bkbc-Vqeg,2,58,7,754,116,6,32,2016,0,32.75,0.047923240810632706,0,21,90,10,1,7,1,1,1,1,Reject,319,8324
S1jmAotxg,2,39,3,511,64,3,34,2016,1,20.75,0.060367535799741745,0,23,56,19,1,2,1,1,1,4,Accept,333,20465
rkFd2P5gl,3,72,9,1266,178,1,25,2016,1,28.285714285714285,0.06863189488649368,0,12,26,19,0,1,1,1,0,0,Reject,93,973
r1PRvK9el,4,83,10,838,122,2,39,2016,1,29.4,0.041673168540000916,0,31,30,8,1,5,1,1,0,0,Reject,286,8378
ryelgY5eg,1,54,6,661,94,3,42,2016,0,25.75,0.10375764220952988,0,24,195,23,1,1,1,1,0,1,Accept,2,8
S19eAF9ee,4,72,8,910,132,1,25,2016,1,25.5,0.07546254247426987,0,21,404,12,0,4,1,1,0,1,Reject,416,10151
rJbbOLcex,4,72,10,1407,209,2,37,2016,1,22.90909090909091,0.044192779809236526,1,19,46,10,1,8,1,1,1,0,Accept,286,8378
B1ElR4cgg,7,31,3,895,130,4,39,2016,0,38.5,0.06858521699905396,0,35,33,19,0,4,1,1,1,0,Accept,133,12282
Hy0L4t5el,4,39,3,795,122,0,32,2016,0,28.0,0.060979388654232025,0,32,42,17,1,2,1,1,0,0,Reject,36,6675
S1HEBe_Jl,2,71,8,770,123,0,32,2016,1,25.166666666666668,0.05925324559211731,0,25,31,15,1,0,0,1,0,0,Reject,346,27192
Hk8rlUqge,3,53,7,1372,188,0,22,2016,0,25.22222222222222,0.07653480023145676,0,20,38,23,1,6,1,1,1,0,Reject,530,10155
r1aPbsFle,3,79,13,842,133,2,24,2016,1,29.0,0.06312038749456406,1,19,30,13,1,4,1,1,0,0,Accept,70,11331
HJtN5K9gx,8,63,7,1422,191,3,28,2017,1,30.714285714285715,0.07375337928533554,0,23,115,11,1,0,0,1,1,1,Reject,313,17166
r1Chut9xl,2,68,10,795,124,2,39,2016,0,23.666666666666668,0.05856211110949516,0,19,27,10,1,18,1,1,1,3,Reject,67,2108
Sys6GJqxl,4,68,8,1355,186,3,16,2016,1,24.0,0.04194841533899307,0,14,79,20,0,11,1,1,0,0,Accept,314,29730
r1rz6U5lg,5,34,4,1434,209,0,26,2016,1,24.5,0.0421103909611702,1,15,35,17,1,6,1,1,1,1,Accept,313,17166
r1Bjj8qge,4,72,9,1098,157,0,41,2016,0,23.5,0.061217617243528366,0,29,35,26,1,18,1,1,1,0,Reject,391,3717
Sy8gdB9xx,5,62,6,1175,162,1,32,2016,1,27.571428571428573,0.057691045105457306,1,17,60,16,1,10,1,1,1,0,Accept,136,11374
SJ6yPD5xg,7,56,6,958,131,0,36,2016,1,27.333333333333332,0.06198500096797943,1,21,35,17,1,0,0,1,0,0,Accept,102,8958
SyxeqhP9ll,5,56,5,741,107,1,23,2020,1,24.8,0.07763592153787613,0,16,276,24,1,3,1,1,1,0,Accept,481,15779
Sks3zF9eg,3,69,12,911,130,4,22,2016,1,23.0,0.05942933261394501,0,4,379,11,1,3,1,1,1,1,Reject,208,4088
S1LVSrcge,4,49,6,1012,156,2,26,2016,1,34.8,0.07252972573041916,0,14,22,13,1,4,1,1,1,0,Accept,15,841
Sk8J83oee,4,38,3,1002,145,1,19,2016,1,23.285714285714285,0.06068010628223419,0,14,40,15,1,5,1,1,1,0,Reject,70,505
BydARw9ex,3,54,7,1249,189,1,42,2017,1,26.75,0.06614800542593002,0,28,40,25,1,1,1,1,1,0,Accept,30,508
B1IzH7cxl,4,36,5,1023,150,2,48,2016,1,31.8,0.060171548277139664,0,29,41,20,1,1,1,1,1,0,Reject,291,7187
rkpACe1lx,3,13,1,744,106,3,39,2016,1,27.0,0.061398085206747055,1,28,31,13,1,5,1,1,1,2,Accept,123,13603
ryjp1c9xg,3,44,7,1578,253,0,30,2016,0,31.333333333333332,0.06471405923366547,0,20,58,8,0,4,1,1,0,1,Reject,82,37176
SJzCSf9xg,4,38,4,1122,164,3,20,2016,1,26.285714285714285,0.05965216085314751,0,19,454,14,0,0,0,1,0,4,Accept,46,371
BJC8LF9ex,5,74,10,1271,181,1,33,2016,1,33.0,0.05720968171954155,1,21,35,20,1,6,1,1,1,1,Reject,178,9901
Bk3F5Y9lx,4,33,3,623,89,1,19,2016,0,21.2,0.04823939874768257,0,14,33,17,1,7,1,1,1,2,Reject,240,32179
S1xh5sYgx,6,82,12,880,131,2,50,2016,1,15.4,0.06933089345693588,0,44,22,18,0,8,1,1,0,0,Reject,420,29911
ryF7rTqgl,2,64,7,815,135,0,9,2015,0,21.857142857142858,0.0610375702381134,0,3,19,14,1,0,0,1,0,0,Reject,539,64834
BkXMikqxx,4,77,7,1179,179,0,26,2016,1,36.666666666666664,0.04468315467238426,0,7,40,17,1,8,1,1,1,0,Reject,216,1049
SJc1hL5ee,6,52,6,1013,161,3,8,2016,1,25.0,0.04772837087512016,1,5,32,11,1,4,1,1,1,1,Reject,129,8424
Bk0MRI5lg,2,84,10,661,94,0,26,2016,0,21.2,0.0668691024184227,0,20,29,15,1,0,0,1,0,4,Reject,69,2114
Hkz6aNqle,5,34,4,1396,208,0,36,2015,1,27.666666666666668,0.06836117058992386,0,16,51,11,0,5,1,1,0,0,Reject,216,656
SkwSJ99ex,4,96,14,1913,278,0,25,2016,1,29.0,0.06611871719360352,0,22,245,14,1,10,1,1,0,1,Reject,29,278
r1Ue8Hcxg,2,54,6,1242,192,0,67,2016,1,29.75,0.04601327329874039,1,51,39,13,1,3,1,1,0,4,Accept,123,13603
HkvS3Mqxe,2,65,9,1446,223,0,23,2016,0,17.8,0.06525089591741562,0,17,406,11,0,6,1,1,0,0,Reject,193,3415
Hyq4yhile,5,80,10,1210,182,3,35,2016,0,29.428571428571427,0.07164273411035538,0,16,157,19,1,1,1,1,0,1,Accept,299,9605
SJ-uGHcee,1,39,4,400,64,0,23,2016,0,23.0,0.05063321441411972,0,8,42,14,0,0,0,1,1,0,Reject,1,0
ryHlUtqge,5,63,6,2151,350,1,38,2016,1,33.083333333333336,0.06742987781763077,0,24,29,11,1,2,1,1,1,1,Accept,299,9605
SkCILwqex,3,38,6,1109,168,2,18,2017,1,27.285714285714285,0.061238937079906464,0,15,55,14,0,2,1,1,1,4,Reject,257,5016
rJg_1L5gg,1,29,3,1905,286,2,28,2016,1,25.833333333333332,0.07159054279327393,0,9,145,23,0,0,0,1,0,0,Reject,1,0
HJrDIpiee,2,66,8,461,72,2,16,2017,0,27.333333333333332,0.047008682042360306,0,14,270,13,0,1,1,1,1,0,Reject,238,4738
SyOvg6jxx,9,80,11,1561,225,3,47,2016,0,23.166666666666668,0.060084059834480286,1,27,37,17,1,11,1,1,1,1,Reject,514,9605
HyWDCXjgx,1,53,8,942,135,4,37,2016,1,25.428571428571427,0.045146867632865906,0,31,31,8,0,5,1,1,1,1,Reject,1,0
Sywh5KYex,3,46,6,1419,209,3,35,2016,1,29.25,0.07616116851568222,0,24,277,10,0,8,1,1,0,0,Reject,57,932
Bk8BvDqex,6,55,5,1950,288,3,36,2016,1,39.111111111111114,0.06122452765703201,0,23,34,25,1,3,1,1,1,0,Accept,62,6675
BycCx8qex,5,78,10,1003,145,4,30,2016,1,25.285714285714285,0.0745626837015152,0,23,40,11,1,3,1,1,0,0,Reject,19,319
BJYwwY9ll,6,43,9,1099,163,2,44,2016,1,20.88888888888889,0.06385798007249832,1,31,58,10,0,4,1,1,0,0,Accept,237,37575
BJwFrvOeg,4,33,5,929,150,2,32,2016,1,21.125,0.048394955694675446,0,23,36,12,1,2,1,1,0,0,Reject,539,64834
Bks8cPcxe,3,71,9,1362,203,3,11,2016,1,23.09090909090909,0.07444816827774048,1,7,131,8,0,0,0,1,0,0,Accept,381,8197
SJGPL9Dex,2,63,7,1468,216,3,23,2016,1,24.9,0.06823413074016571,0,11,199,14,1,0,0,1,1,0,Accept,56,2248
HJDdiT9gl,6,69,9,1274,178,2,14,2016,1,28.375,0.06240227818489075,0,12,33,11,0,3,1,1,1,0,Reject,43,763
B1Igu2ogg,1,64,7,1114,152,3,6,2015,0,20.77777777777778,0.05055059492588043,1,5,32,11,0,9,1,1,1,0,Accept,25,814
Sk2iistgg,3,66,7,1330,188,3,37,2014,1,26.22222222222222,0.0715663805603981,1,12,191,12,1,3,1,1,0,0,Reject,317,12749
rkaRFYcgl,1,36,4,1149,167,1,41,2016,1,38.2,0.0652540922164917,1,33,39,8,1,2,1,1,1,0,Reject,129,2273
HkuVu3ige,4,76,10,1024,149,1,18,2016,1,26.333333333333332,0.06559837609529495,0,11,111,15,1,7,1,1,1,0,Reject,116,3912
BkLhzHtlg,4,69,7,1019,148,4,30,2016,0,34.2,0.06375477463006973,0,18,35,14,0,0,0,1,1,0,Accept,390,44341
HJ6idTdgg,4,65,10,907,132,0,33,2015,1,24.333333333333332,0.07853171974420547,0,24,470,10,0,2,1,1,0,0,Reject,216,1049
B1ewdt9xe,3,78,10,1528,230,0,57,2016,1,32.375,0.05680997297167778,0,41,166,12,1,2,1,1,1,0,Accept,121,9618
rJzaDdYxx,3,28,3,1152,175,3,25,2016,1,21.88888888888889,0.06232023239135742,0,17,66,20,1,2,1,1,1,0,Reject,49,1106
ryrGawqex,4,45,6,1053,155,1,26,2016,1,25.857142857142858,0.07059932500123978,0,18,28,15,1,4,1,1,1,2,Accept,63,17787
HyWWpw5ex,4,71,7,894,126,2,39,2016,1,25.0,0.07037977129220963,1,25,104,17,0,1,1,1,0,1,Reject,173,4155
BJ--gPcxl,3,81,7,697,108,3,40,2016,0,21.333333333333332,0.028704268857836723,0,36,39,13,0,4,1,1,0,7,Reject,23,1200
HJlgm-B9lx,3,103,13,877,134,3,35,2016,1,16.555555555555557,0.055494919419288635,1,24,22,16,0,0,0,1,0,0,Reject,1,0
rkE3y85ee,3,50,4,801,103,4,28,2016,1,25.0,0.08891752362251282,1,23,36,16,1,2,1,1,1,0,Accept,20,704
HkcdHtqlx,5,46,5,797,113,3,33,2016,1,23.666666666666668,0.05553503334522247,1,31,39,17,1,8,1,1,1,0,Reject,320,24210
BJAFbaolg,3,65,9,866,139,2,30,2017,1,29.4,0.06982225924730301,0,22,227,21,0,8,1,1,1,3,Accept,81,13177
Hk8N3Sclg,3,63,8,1131,187,3,40,2016,0,23.0,0.07316047698259354,0,16,47,7,0,3,1,1,0,0,Accept,169,4958
HyecJGP5ge,4,84,11,1728,236,5,25,2016,1,33.44444444444444,0.04845646768808365,0,10,41,23,1,0,0,1,1,1,Reject,170,2908
HkLXCE9lx,6,65,9,1396,215,2,62,2016,1,23.0,0.0540127269923687,0,34,351,16,1,9,1,1,0,0,Reject,315,37176
HyNxRZ9xg,4,76,9,1079,146,3,18,2016,0,30.666666666666668,0.05764651671051979,1,12,30,17,0,3,1,1,0,0,Reject,291,7187
HysBZSqlx,3,46,7,1185,182,3,23,2016,1,19.636363636363637,0.04451324790716171,1,13,21,24,0,0,0,0,0,0,Reject,12,431
rJqFGTslg,5,38,5,1274,196,2,37,2016,1,26.5,0.06904337555170059,0,34,337,17,1,4,1,1,0,4,Accept,371,17378
S1AG8zYeg,3,49,6,1059,156,3,36,2016,0,25.714285714285715,0.031018614768981934,1,21,746,22,0,13,1,1,1,1,Reject,112,10695
rJY3vK9eg,5,61,6,1035,153,2,47,2016,1,25.428571428571427,0.08127322793006897,1,16,28,14,1,7,1,1,1,2,Reject,123,13603
r1G4z8cge,4,19,2,1125,167,2,45,2016,1,36.8,0.06859121471643448,0,30,59,20,1,3,1,1,1,0,Accept,539,64834
HJeqWztlg,4,43,4,1196,183,1,49,2015,1,26.5,0.06866327673196793,0,14,40,26,1,0,0,1,1,0,Reject,8,42
r10FA8Kxg,9,68,11,862,140,2,31,2017,0,30.0,0.06236090138554573,0,24,144,17,1,8,1,1,0,7,Accept,1505,7843
BJh6Ztuxl,5,77,9,1299,190,2,21,2016,1,27.5,0.07507665455341339,0,15,43,15,1,1,1,1,0,0,Accept,102,3166
rye9LT8cee,3,84,10,1318,186,3,17,2016,1,31.571428571428573,0.06558676064014435,1,14,299,14,1,10,1,1,0,2,Reject,97,1103
HJV1zP5xg,7,75,11,1351,202,3,30,2016,1,22.8,0.063102588057518,0,26,442,17,1,8,1,1,1,1,Reject,117,3624
SkxKPDv5xl,8,68,9,641,98,4,30,2016,1,26.5,0.050896547734737396,0,20,132,16,1,7,1,1,1,0,Accept,539,64834
Hy-lMNqex,4,133,16,1149,168,2,33,2016,1,28.285714285714285,0.06763467937707901,1,30,787,12,0,7,1,1,0,0,Reject,112,2265
B1PA8fqeg,3,40,6,1399,205,0,15,2016,0,26.11111111111111,0.0700441300868988,0,13,73,20,1,4,1,1,1,1,Reject,530,10155
Sks9_ajex,2,117,16,741,115,3,26,2016,1,31.0,0.054640039801597595,0,19,235,15,1,6,1,1,1,2,Accept,98,4053
Syoiqwcxx,3,41,7,1027,173,4,28,2017,0,20.88888888888889,0.06226875260472298,0,19,355,12,1,1,1,1,1,3,Reject,62,3961
HkSOlP9lg,2,57,7,1406,210,3,31,2016,1,20.0,0.05690593272447586,0,12,78,17,0,5,1,1,1,1,Reject,210,8622
H13F3Pqll,2,74,11,1246,182,2,38,2016,0,30.0,0.049586281180381775,0,28,212,12,1,0,0,1,0,1,Reject,23,613
SkC_7v5gx,3,54,8,974,149,2,54,2017,0,27.666666666666668,0.056967366486787796,0,44,126,19,1,1,1,1,0,5,Reject,17,171
BJ0Ee8cxx,6,28,3,1215,188,2,26,2016,1,26.75,0.055854205042123795,0,22,27,8,0,4,1,1,1,1,Reject,539,64834
HyY4Owjll,2,25,3,628,93,3,33,2016,0,25.0,0.049422092735767365,0,14,43,14,1,1,1,1,0,3,Reject,17,522
SJ_QCYqle,5,77,10,1619,229,3,36,2016,1,26.7,0.055506445467472076,0,35,435,11,0,9,1,1,0,1,Reject,116,3912
r1IRctqxg,2,50,7,1043,164,2,11,2015,1,26.571428571428573,0.06417632102966309,0,2,434,14,1,0,0,1,1,0,Reject,19,601
BkV4VS9ll,4,113,16,1780,276,2,2,1992,1,26.333333333333332,0.04148821905255318,0,0,544,36,1,0,0,1,1,0,Reject,267,4984
rJJ3YU5ge,4,116,17,1023,153,2,25,2016,1,31.5,0.06480196118354797,1,17,40,16,0,4,1,1,0,0,Reject,352,6855
HJ1JBJ5gl,2,77,9,1714,246,3,22,2016,1,23.666666666666668,0.053608689457178116,0,14,42,16,1,3,1,1,0,1,Reject,143,8253
BJxhLAuxg,3,83,14,967,142,0,38,2016,0,28.666666666666668,0.057388242334127426,1,22,93,17,1,0,0,1,0,2,Reject,98,838
BkdpaH9ll,5,41,5,1076,149,2,32,2016,1,30.833333333333332,0.05123775824904442,1,25,48,14,0,3,1,1,1,2,Reject,319,6627
HkyYqU9lx,2,63,8,592,91,2,35,2016,1,32.333333333333336,0.05134427174925804,1,26,40,12,0,4,1,1,0,0,Reject,102,3166
HJWzXsKxx,5,75,9,1257,175,2,15,2016,1,30.0,0.05626245588064194,0,15,23,13,0,0,0,1,1,3,Reject,167,9238
Bygq-H9eg,3,68,10,970,145,3,15,2016,1,29.333333333333332,0.05812729895114899,1,14,23,13,0,0,0,1,0,0,Reject,147,2545
SJ3rcZcxl,5,66,9,1395,200,2,40,2016,0,27.3,0.0619887076318264,1,23,43,20,1,2,1,1,1,3,Accept,407,32606
S1vyujVye,3,54,6,748,108,3,41,2016,1,21.333333333333332,0.047548986971378326,0,25,93,13,1,0,0,1,0,1,Reject,78,2279
r1y1aawlg,3,44,5,758,113,1,16,2016,1,21.0,0.04682798311114311,0,5,36,11,0,5,1,1,0,1,Reject,17,759
HkNEuToge,2,36,4,520,78,0,1,2013,0,30.333333333333332,0.05567942187190056,0,1,72,18,1,2,1,1,1,1,Reject,126,11905
HyFkG45gl,2,40,6,1072,172,0,25,2016,1,20.9,0.08344098925590515,0,19,79,16,1,11,1,1,1,1,Reject,245,4058
S1Jhfftgx,3,61,7,1005,171,3,24,2016,1,29.833333333333332,0.08809821307659149,0,12,42,7,0,8,1,0,1,1,Reject,18,160
BJ6oOfqge,2,48,5,1174,181,0,37,2017,1,36.0,0.05615311115980148,0,30,178,13,1,8,1,1,0,4,Accept,92,1843
SJJKxrsgl,3,75,12,693,103,3,16,2015,1,22.4,0.058184538036584854,0,8,341,11,0,2,1,1,1,0,Accept,119,12877
rkpdnIqlx,4,34,4,1548,231,1,20,2016,0,43.166666666666664,0.07422935962677002,0,17,26,18,1,0,0,0,1,0,Reject,539,64834
ryWKREqxx,4,74,9,1218,183,3,28,2016,1,31.857142857142858,0.04906444624066353,0,26,23,14,1,5,1,1,1,4,Reject,116,5394
BymIbLKgl,3,52,7,640,90,4,31,2015,1,26.75,0.055790677666664124,0,8,224,10,0,2,1,1,1,0,Accept,359,17094
SyK00v5xx,3,59,8,1611,253,2,49,2016,1,22.692307692307693,0.05960004776716232,0,35,28,12,1,10,1,1,1,1,Accept,50,730
BJluGHcee,4,24,3,1508,228,3,59,2016,0,27.5,0.060119014233350754,0,41,77,28,1,3,1,1,1,5,Reject,258,8528
HyGTuv9eg,2,68,7,541,80,2,7,2017,0,18.4,0.06124213710427284,0,5,148,12,0,0,0,1,1,0,Accept,1549,2064
ry54RWtxx,4,58,12,971,178,0,18,2016,1,23.5,0.0813521072268486,0,11,118,8,0,1,1,1,0,0,Reject,22,160
rJM69B5xx,4,97,12,961,149,4,34,2017,1,32.833333333333336,0.07191753387451172,0,29,53,24,1,9,1,1,1,1,Reject,81,1800
ryh_8f9lg,4,43,5,1052,174,0,15,2015,1,19.6,0.04387529939413071,0,3,28,8,0,1,1,1,1,0,Reject,211,2553
S13wCE9xx,5,55,6,725,110,2,22,2016,0,25.6,0.07685402035713196,0,18,251,21,0,3,1,1,1,0,Reject,161,2145
r1aGWUqgg,5,65,8,602,91,2,31,2016,0,26.25,0.06452222168445587,0,21,38,11,0,0,0,1,1,1,Reject,167,3417
Sy6iJDqlx,5,118,18,1017,158,3,27,2016,0,21.75,0.08072887361049652,0,11,192,25,1,0,0,1,1,0,Accept,165,1214
SJgWQPcxl,2,42,4,591,93,2,32,2016,0,16.0,0.046892814338207245,0,23,36,18,1,0,0,1,1,1,Reject,127,1370
rJXTf9Bxg,3,58,7,908,126,1,41,2016,1,20.285714285714285,0.046837080270051956,0,37,39,14,1,0,0,1,0,0,Reject,56,6489
ry3iBFqgl,7,39,6,804,115,2,22,2016,1,18.428571428571427,0.04977378249168396,0,20,37,27,1,9,1,1,0,1,Reject,38,858
S1HcOI5le,3,70,11,1171,172,0,24,2016,1,26.375,0.07024794816970825,1,14,197,12,0,0,0,1,0,0,Reject,113,1119
SJU4ayYgl,2,64,6,644,95,2,37,2016,1,26.25,0.06732784956693649,0,15,35,25,1,3,1,1,1,3,Accept,210,8622
SkkTMpjex,3,77,6,1772,258,2,39,2016,1,31.2,0.06414112448692322,1,27,49,21,1,0,0,1,1,1,Accept,36,7860
SJJN38cge,1,100,12,1189,164,4,17,2016,1,26.285714285714285,0.06952319294214249,0,7,215,9,0,4,1,1,1,0,Reject,8,2
HJy_5Mcll,4,76,11,987,161,1,36,2016,1,24.857142857142858,0.05435841903090477,1,26,234,9,0,6,1,1,0,0,Reject,147,2545
H1eLE8qlx,2,54,6,828,124,1,24,2016,0,23.666666666666668,0.05686779320240021,0,15,37,13,1,1,1,1,0,0,Reject,127,1370
B184E5qee,3,56,8,631,99,1,50,2016,0,21.0,0.05150659382343292,0,23,42,9,0,3,1,1,1,0,Accept,36,1715
BJK3Xasel,2,29,3,806,116,2,44,2017,1,28.0,0.06806564331054688,0,29,376,17,1,6,1,1,1,7,Accept,459,16061
ByIAPUcee,4,63,8,1194,177,2,37,2016,1,25.375,0.05772678554058075,0,30,42,13,0,0,0,1,1,5,Accept,148,3133
SyCSsUDee,3,58,7,1360,187,2,24,2016,1,21.1,0.05659675970673561,0,13,71,11,1,1,1,1,0,4,Reject,159,9901
rJTKKKqeg,5,55,8,1262,214,2,32,2016,0,27.2,0.05299434810876846,1,29,30,20,1,8,1,0,1,1,Accept,289,45433
ByZvfijeg,2,38,5,1094,171,2,32,2016,1,25.375,0.05437128618359566,1,23,368,14,0,8,1,1,1,1,Reject,6,68
HJ0UKP9ge,4,54,6,888,120,2,33,2016,1,31.4,0.06124056875705719,1,32,37,8,1,6,1,1,1,1,Accept,99,4715
Hk3mPK5gg,2,82,10,580,91,3,22,2017,1,24.0,0.03268355876207352,1,13,308,12,0,0,0,1,0,2,Accept,4,63
H1hoFU9xe,3,55,6,763,102,5,17,2016,1,21.666666666666668,0.06936892122030258,0,14,92,11,0,0,0,1,0,0,Reject,14,11
SJIMPr9eg,2,25,3,771,119,0,11,2016,0,33.5,0.0616484060883522,0,9,161,6,0,8,1,1,0,0,Reject,222,3049
r1rhWnZkg,6,46,6,714,91,3,45,2016,1,24.6,0.06394271552562714,1,37,26,33,1,8,1,1,1,0,Accept,386,5323
SkyQWDcex,4,68,8,857,114,3,30,2016,1,28.6,0.07087168842554092,0,24,47,21,1,9,1,1,1,1,Reject,91,1338
S1TER2oll,4,48,6,1035,145,0,21,2016,1,19.625,0.06873275339603424,0,17,25,22,1,1,1,1,0,1,Accept,143,1939
HJjiFK5gx,5,23,3,869,129,2,31,2017,0,32.2,0.07147801667451859,0,23,70,18,1,2,1,1,1,1,Accept,65,945
ryMxXPFex,1,33,3,988,129,2,71,2016,1,25.333333333333332,0.07364413142204285,1,41,34,20,1,3,1,1,1,6,Accept,3,76
B1MRcPclx,4,47,5,806,123,2,22,2016,1,32.0,0.0642215684056282,1,18,43,14,1,10,1,1,1,3,Accept,99,4715
ryuxYmvel,3,74,11,954,140,0,53,2016,1,19.666666666666668,0.05210676044225693,0,34,24,18,0,4,1,1,0,0,Accept,108,13452
SkhU2fcll,2,72,9,851,121,0,35,2016,1,20.857142857142858,0.056371405720710754,0,18,63,13,1,0,0,1,1,2,Accept,121,1801
HJ7O61Yxe,5,58,7,780,117,2,25,2016,0,18.714285714285715,0.05109529197216034,0,14,439,14,1,1,1,1,1,3,Reject,385,3966
rJe-Pr9le,1,64,8,761,116,4,14,2016,1,21.666666666666668,0.06105664372444153,0,13,43,16,1,3,1,1,1,0,Reject,5,14
HyTqHL5xg,4,89,14,663,86,2,26,2016,0,19.6,0.06686729192733765,0,13,335,17,1,3,1,1,1,0,Accept,94,2263
SJZAb5cel,4,72,13,968,140,2,50,2016,0,21.75,0.06617432832717896,1,38,32,30,1,25,1,1,0,1,Reject,112,11331
ry_4vpixl,4,58,7,1075,158,2,22,2016,1,28.666666666666668,0.05245140567421913,0,17,73,13,0,0,0,1,1,0,Reject,299,9605
BJmCKBqgl,4,54,8,1315,187,0,28,2016,1,22.8,0.059220898896455765,1,26,386,13,0,0,0,1,1,0,Reject,396,10233
SJg498clg,3,60,9,1038,155,3,15,2016,1,25.857142857142858,0.0562092587351799,0,12,38,16,0,4,1,1,1,0,Reject,28,320
ByToKu9ll,3,84,11,1536,212,1,25,2016,1,28.22222222222222,0.046152256429195404,1,21,176,12,0,9,1,1,1,0,Reject,167,1109
Bk8N0RLxx,3,62,7,844,138,1,32,2016,0,31.0,0.05048456788063049,1,21,35,14,0,5,1,1,0,1,Reject,17,759
ByW2Avqgg,6,76,9,1124,157,2,23,2016,1,22.375,0.07818331569433212,0,10,46,14,1,8,1,1,1,0,Reject,114,3658
H1Heentlx,4,47,5,1085,150,0,46,2016,1,31.333333333333332,0.06746455281972885,0,23,66,10,1,3,1,1,0,4,Reject,112,10695
BJAA4wKxg,4,60,8,816,121,0,37,2016,1,24.166666666666668,0.05321332439780235,1,32,137,19,1,8,1,1,0,2,Reject,17,759
r1tHvHKge,5,75,9,1287,193,3,26,2016,0,20.454545454545453,0.05706686154007912,0,13,208,8,0,0,0,1,0,1,Reject,607,21920
HyET6tYex,3,28,4,917,140,1,19,2017,1,39.25,0.06882151961326599,0,13,138,11,1,0,0,1,0,0,Reject,289,45433
H1Gq5Q9el,3,58,7,949,138,4,38,2016,0,19.333333333333332,0.05307586118578911,1,34,40,22,1,3,1,1,0,3,Reject,123,13603
HyQJ-mclg,5,82,10,2143,323,2,26,2016,1,30.076923076923077,0.05413583293557167,0,24,28,13,1,8,1,1,1,3,Accept,33,505
rJPcZ3txx,7,62,9,1387,198,2,27,2016,1,23.4,0.05669879913330078,0,24,28,11,0,3,1,1,0,6,Accept,396,6430
rJJRDvcex,3,31,4,973,148,2,31,2016,1,33.0,0.07088777422904968,0,29,25,17,1,8,1,1,1,1,Reject,643,84436
Sy7m72Ogg,4,52,7,1008,158,2,28,2016,1,36.2,0.07904395461082458,0,14,333,16,1,5,1,1,1,0,Reject,268,7625
By1snw5gl,2,59,10,926,137,0,30,2016,1,18.555555555555557,0.055816441774368286,0,15,175,21,1,1,1,1,1,0,Reject,1,0
rkGabzZgl,6,46,4,1213,170,3,31,2016,1,25.125,0.042517539113759995,0,23,34,36,1,9,1,1,1,0,Accept,481,15779
r1yjkAtxe,3,78,8,1059,165,2,22,2016,1,23.75,0.056562114506959915,0,6,22,6,0,0,0,1,1,0,Reject,352,6855
Hk6a8N5xe,2,78,10,964,145,4,26,2016,1,18.11111111111111,0.028554866090416908,1,16,758,13,1,8,1,1,1,2,Reject,93,1480
SJUdkecgx,1,0,1,2,3,0,0,1992,0,1.0,0.0,0,0,0,1,0,0,0,0,0,0,Reject,0,0
BJm4T4Kgx,3,37,5,1282,215,2,18,2016,1,30.0,0.04442109540104866,0,17,40,16,1,9,1,1,0,2,Accept,93,8943
r1Usiwcex,5,27,3,999,151,3,28,2016,1,21.125,0.0482063852250576,0,20,56,4,0,0,0,0,0,0,Reject,133,12282
Skq89Scxx,2,52,8,804,115,2,39,2017,1,22.833333333333332,0.0706237331032753,1,27,40,16,1,4,1,1,0,1,Accept,125,3578
Hy3_KuYxg,2,39,6,1518,239,1,22,2016,0,38.42857142857143,0.074720598757267,0,16,168,16,1,0,0,1,0,0,Reject,56,2248
ryT9R3Yxe,5,27,3,1058,153,4,25,2016,0,29.0,0.044479284435510635,1,14,30,13,0,3,1,1,1,0,Reject,386,4751
BkmM8Dceg,2,68,8,1020,148,0,18,2017,1,21.5,0.055528488010168076,0,11,41,18,1,2,1,1,1,0,Reject,131,13866
Hy6b4Pqee,6,30,3,1023,147,0,76,2017,1,21.25,0.05873986706137657,0,46,44,17,1,2,1,1,1,3,Accept,252,39037
Byk-VI9eg,3,37,3,799,116,3,33,2016,1,23.0,0.04906056076288223,0,27,447,18,1,2,1,1,1,0,Accept,136,4377
Hk95PK9le,2,53,7,905,136,2,21,2016,1,34.6,0.03485964238643646,1,19,417,15,0,3,1,1,0,2,Accept,390,53002
rJfMusFll,5,72,11,756,112,2,33,2016,0,23.5,0.07136350870132446,0,19,35,19,1,6,1,1,0,0,Accept,65,945
BkfiXiUlg,2,64,7,844,147,0,24,2015,1,23.428571428571427,0.07112518697977066,0,20,24,14,1,4,1,1,1,0,Reject,15,191
HJGwcKclx,3,50,6,779,116,2,40,2017,1,21.142857142857142,0.04994092881679535,1,28,52,18,1,1,1,1,0,0,Accept,210,8622
rJY0-Kcll,2,45,7,922,139,0,29,2016,1,32.6,0.06464102864265442,0,18,26,17,0,1,1,1,1,0,Accept,89,10498
S1X7nhsxl,2,73,8,674,97,2,39,2016,1,37.333333333333336,0.051932916045188904,0,34,221,13,0,2,1,1,0,0,Accept,539,64834
BkbY4psgg,3,64,7,979,138,1,9,2016,1,22.714285714285715,0.06309196352958679,0,9,91,30,1,5,1,1,1,0,Accept,314,29730
rJ8Je4clg,4,86,14,509,73,3,31,2016,1,26.333333333333332,0.06428809463977814,0,17,39,10,1,1,1,1,1,1,Accept,120,2278
Hk1l9Xqxe,4,78,9,1812,274,0,28,2014,0,18.88235294117647,0.050973620265722275,0,3,30,15,0,0,0,1,0,0,Reject,216,1049
SyQq185lg,4,30,3,1106,174,4,37,2017,0,22.77777777777778,0.0724790170788765,0,30,37,9,1,3,1,1,1,5,Accept,123,13603
HyoST_9xl,12,57,8,1707,264,1,26,2016,1,22.714285714285715,0.06635216623544693,0,19,241,15,1,11,1,1,1,1,Accept,420,29911
rJbPBt9lg,5,22,3,920,148,2,25,2016,1,20.875,0.05081256479024887,1,22,240,20,0,7,1,1,0,0,Reject,314,29730
ryh9pmcee,3,44,4,995,150,3,23,2016,1,28.833333333333332,0.07163697481155396,0,16,64,25,1,2,1,1,1,0,Accept,0,0
SkJeEtclx,5,47,5,1271,195,3,35,2016,1,30.571428571428573,0.036541517823934555,1,29,47,10,0,6,1,1,0,3,Reject,279,12667
r1Aab85gg,4,83,10,1089,163,3,23,2016,1,21.88888888888889,0.04441706836223602,0,18,82,17,1,8,1,1,1,0,Accept,7,52
SJ25-B5eg,5,24,4,953,138,3,39,2016,1,37.75,0.0813276544213295,0,26,36,14,1,7,1,0,1,2,Accept,40,2169
r1S083cgx,5,112,14,1001,149,3,69,2016,0,41.75,0.06454138457775116,0,22,41,15,1,0,0,1,1,0,Reject,217,7335
Byj72udxe,4,31,4,869,131,2,27,2016,1,28.0,0.041877616196870804,1,22,45,25,1,4,1,1,1,1,Accept,70,11331
r1w7Jdqxl,5,46,6,1041,159,0,21,2016,1,26.142857142857142,0.055271733552217484,1,9,35,12,0,3,1,1,0,0,Reject,1,0
BkCPyXm1l,1,91,12,1051,162,3,21,2016,1,27.571428571428573,0.05922925844788551,0,10,19,11,0,3,1,1,0,0,Reject,3,2
Hyanrrqlg,3,74,10,1169,171,0,39,2016,1,24.0,0.06953593343496323,0,23,36,16,0,2,1,1,0,4,Reject,2,0
Bkp_y7qxe,2,72,10,975,154,3,23,2016,0,28.5,0.057234033942222595,0,15,21,17,0,3,1,1,0,0,Reject,68,1320
rJ8uNptgl,3,41,6,1352,190,2,0,1992,1,31.857142857142858,0.07318031787872314,0,0,97,21,1,1,1,1,0,0,Accept,259,2023
HycUbvcge,6,47,5,1177,159,3,22,2016,0,27.571428571428573,0.058222100138664246,0,14,29,19,1,2,1,1,1,0,Reject,78,1001
B186cP9gx,3,67,11,386,66,2,11,2016,0,24.666666666666668,0.06588712334632874,0,8,95,8,0,0,0,1,0,1,Reject,289,45433
SJDaqqveg,8,49,6,1145,173,4,47,2016,1,29.142857142857142,0.061874937266111374,0,26,35,13,1,5,1,1,1,2,Accept,539,64834
SygvTcYee,2,93,12,1659,241,2,41,2016,1,23.5,0.058277033269405365,0,25,71,8,0,0,0,1,0,0,Reject,93,2965
SJRpRfKxx,3,69,8,1361,208,3,57,2016,1,26.555555555555557,0.05197158455848694,1,44,73,13,1,21,1,1,1,4,Accept,89,10498
S11KBYclx,4,55,7,625,82,2,23,2017,1,22.25,0.07825291901826859,0,17,151,19,1,5,1,1,1,1,Accept,125,3578
SyVVJ85lg,3,51,9,1344,188,1,25,2016,1,29.285714285714285,0.055267952382564545,0,22,35,19,1,6,1,1,0,1,Accept,51,2705
SJk01vogl,3,42,5,1269,184,2,27,2016,1,25.25,0.05230484530329704,0,25,34,22,1,11,1,1,1,0,Reject,314,29730
S1JG13oee,5,59,8,599,87,2,43,2016,1,19.8,0.07571081072092056,0,25,30,28,1,1,1,1,1,2,Reject,530,10155
BJFG8Yqxl,4,71,10,956,130,0,27,2016,1,28.0,0.04356086626648903,0,10,42,10,0,5,1,1,1,1,Reject,93,2235
HkEI22jeg,8,78,10,1197,166,2,26,2016,1,26.285714285714285,0.07815016061067581,0,9,37,14,0,0,0,1,0,0,Accept,173,7932
Hku9NK5lx,4,77,8,884,123,1,24,2016,1,26.0,0.05961667001247406,0,15,87,13,0,3,1,1,1,0,Accept,314,26620
rJRhzzKxl,3,39,6,1321,195,4,40,2016,1,33.857142857142854,0.05763735622167587,1,20,250,15,1,2,1,1,1,2,Reject,201,3302
S1RP6GLle,5,50,6,1743,255,3,35,2017,1,26.0,0.0571390725672245,0,30,36,23,1,4,1,1,0,4,Accept,24,1016
BJVEEF9lx,2,59,5,767,103,1,23,2016,1,31.5,0.07577680796384811,0,7,31,10,0,0,0,1,1,0,Reject,96,1848
BydrOIcle,4,40,4,638,95,3,51,2016,1,35.333333333333336,0.08871760219335556,0,42,48,25,1,3,1,1,1,1,Accept,30,1493
rJEgeXFex,2,75,9,1237,201,3,35,2016,1,31.857142857142858,0.05660772696137428,0,20,28,20,1,1,1,1,0,1,Accept,30,362
HyEeMu_xx,5,62,7,793,121,3,24,2016,1,25.2,0.05911035090684891,0,18,53,16,1,4,1,1,0,3,Reject,148,4630
B1E7Pwqgl,5,57,7,1017,155,2,26,2017,1,23.0,0.06267693638801575,0,14,33,17,1,1,1,1,1,1,Reject,336,11330
SkqMSCHxe,3,77,9,805,124,4,20,2016,0,17.0,0.061875876039266586,0,9,404,11,0,2,1,1,1,0,Reject,141,1871
B1KBHtcel,3,59,9,1529,229,1,35,2016,0,24.0,0.05073021724820137,1,28,41,11,0,5,1,1,1,0,Reject,62,707
BkSqjHqxg,2,67,9,978,152,2,24,2016,0,22.0,0.057530153542757034,0,12,24,15,0,2,1,1,1,2,Reject,82,1128
BJ3filKll,2,73,8,812,127,2,29,2016,1,24.166666666666668,0.09151231497526169,0,13,88,12,1,0,0,1,0,0,Accept,172,9144
SJiFvr9el,2,92,12,1260,195,3,27,2016,1,22.9,0.06785506755113602,1,15,24,21,1,2,1,1,0,0,Reject,216,1049
H1MjAnqxg,5,66,8,1270,190,3,22,2017,1,23.333333333333332,0.059836678206920624,0,16,24,18,0,0,0,1,1,1,Reject,30,529
S1_pAu9xl,4,28,3,1344,202,1,17,2016,1,24.1,0.06477341800928116,0,16,86,19,0,5,1,1,1,0,Accept,420,29911
By5e2L9gl,3,38,6,988,152,0,37,2016,1,30.833333333333332,0.07572724670171738,1,23,39,18,1,2,1,1,1,2,Accept,643,84436
BJO-BuT1g,3,43,6,902,143,2,29,2016,0,25.333333333333332,0.021726327016949654,0,17,251,11,1,1,1,1,0,0,Accept,56,6489
BJ46w6Ule,2,24,3,648,100,0,19,2016,0,18.166666666666668,0.06234031170606613,0,4,19,23,0,0,0,1,1,2,Reject,66,2558
H1fl8S9ee,4,88,12,994,139,2,27,2016,1,25.285714285714285,0.07226639240980148,0,12,34,16,1,5,1,1,1,0,Accept,87,822
B1GOWV5eg,3,82,12,1131,168,2,23,2017,1,31.166666666666668,0.05514054372906685,0,18,335,23,1,24,1,1,1,2,Accept,165,1214
Hy8X3aKee,4,82,8,945,125,0,27,2016,0,25.166666666666668,0.04354970157146454,0,14,23,16,1,1,1,1,1,0,Reject,15,97
H12GRgcxg,2,60,8,1097,183,2,21,2016,1,21.77777777777778,0.05468124523758888,0,10,411,6,0,0,0,1,0,0,Accept,144,2999
ryQbbFile,5,87,13,2140,346,0,24,2016,1,27.857142857142858,0.06583567708730698,0,17,194,12,0,5,1,1,1,0,Reject,1,0
BkSmc8qll,4,77,10,877,131,3,47,2016,1,20.375,0.060600318014621735,0,41,36,24,1,10,1,1,1,2,Reject,539,64834
S1Bb3D5gg,3,40,4,1120,164,0,34,2016,0,23.333333333333332,0.0521911159157753,0,28,46,21,1,11,1,1,0,2,Accept,63,5176
BybtVK9lg,2,51,6,1277,207,4,35,2016,0,22.545454545454547,0.05871669948101044,0,14,33,16,1,6,1,1,1,2,Accept,121,3792
B1TTpYKgx,5,47,8,1024,159,2,32,2016,1,24.0,0.07500452548265457,0,21,47,24,1,1,1,1,1,0,Reject,347,48420
ByEPMj5el,3,59,7,1215,183,2,36,2016,1,23.666666666666668,0.0547451488673687,0,29,45,17,0,4,1,1,0,0,Reject,74,1985
B16dGcqlx,3,31,4,1673,248,0,51,2016,0,30.6,0.06874655932188034,0,22,268,14,1,0,0,1,1,1,Accept,299,37176
ryCcJaqgl,3,74,13,1180,176,0,40,2016,1,29.285714285714285,0.03873207047581673,0,32,42,19,1,10,1,1,0,0,Reject,534,10131
B1ckMDqlg,7,80,10,1351,202,1,44,2016,1,26.666666666666668,0.06260073930025101,1,33,55,23,1,12,1,1,0,1,Accept,388,123348
Sy2fzU9gl,8,81,11,1453,205,0,36,2016,1,27.333333333333332,0.06618800759315491,1,28,285,12,1,1,1,1,1,0,Accept,131,18147
HyxQzBceg,4,39,4,541,77,4,50,2017,1,14.666666666666666,0.05978831276297569,0,38,84,17,1,2,1,1,1,9,Accept,148,18053
SJCscQcge,2,60,7,1494,226,2,28,2016,1,25.3,0.04662667214870453,1,26,72,9,0,9,1,1,0,4,Reject,71,1311
S1c2cvqee,4,67,7,1089,143,2,41,2016,1,25.285714285714285,0.05651845037937164,1,30,30,13,1,11,1,1,1,0,Accept,590,14752
HJSCGD9ex,5,72,9,1135,165,1,46,2016,0,21.77777777777778,0.05847815424203873,1,28,38,7,0,4,1,1,0,2,Reject,114,5857
ByldLrqlx,5,37,6,705,104,4,35,2017,1,30.0,0.07654199004173279,0,31,207,23,1,3,1,1,0,6,Accept,117,3195
SJkXfE5xx,2,38,4,1341,214,2,56,2016,1,25.0,0.06475742906332016,1,33,37,99,1,4,1,1,1,1,Accept,26,273
HkljfjFee,5,54,8,1125,166,0,30,2016,1,26.714285714285715,0.06977943331003189,0,13,43,19,1,16,1,1,0,0,Accept,1344,64730
ry2YOrcge,5,60,8,1239,177,2,39,2016,0,32.0,0.059311386197805405,1,33,59,17,1,7,1,1,0,1,Accept,350,39341
HJIY0E9ge,3,70,12,823,121,1,25,2016,1,22.166666666666668,0.07344096899032593,0,14,250,13,0,7,1,1,1,0,Reject,497,12295
H1_EDpogx,7,41,5,2092,312,0,25,2016,1,31.25,0.06817279011011124,0,15,30,22,0,0,0,1,1,0,Reject,177,1350
SJNDWNOlg,4,72,12,1075,162,2,45,2016,1,21.666666666666668,0.04370764642953873,1,34,39,15,1,13,1,1,1,0,Reject,2175,18388
Byx5BTilg,4,75,10,859,136,2,21,2016,1,24.666666666666668,0.05350933596491814,0,16,63,16,1,13,1,1,0,0,Reject,314,29730
rk5upnsxe,5,82,10,1152,168,0,50,2016,1,20.77777777777778,0.03835717588663101,0,28,32,17,1,7,1,1,1,0,Accept,179,9217
r1VdcHcxx,5,29,3,647,86,2,33,2016,1,26.25,0.06529199331998825,0,26,37,14,1,6,1,1,0,0,Accept,133,12282
HkE0Nvqlg,4,29,3,1297,179,0,56,2017,1,25.875,0.06218649819493294,0,44,36,15,1,5,1,1,1,6,Accept,56,1812
HJcLcw9xg,3,44,6,891,143,0,11,2016,1,24.833333333333332,0.08818744868040085,0,8,29,9,0,0,0,1,0,0,Reject,83,3384
B1kJ6H9ex,4,40,5,1190,188,2,45,2016,0,24.0,0.05310830473899841,0,21,44,21,1,2,1,1,1,0,Accept,149,8958
SkgewU5ll,5,72,9,1517,219,2,36,2016,1,27.88888888888889,0.07383662462234497,0,30,22,18,1,9,1,1,0,0,Reject,173,4155
ryEGFD9gl,2,55,6,1206,177,2,26,2016,0,26.0,0.06397837400436401,0,5,532,12,1,0,0,1,0,1,Reject,211,24508
H1VyHY9gg,7,59,9,714,101,2,35,2016,0,19.166666666666668,0.051039401441812515,0,28,39,18,0,5,1,1,0,0,Accept,266,60572
HJgXCV9xx,5,40,4,732,116,1,31,2016,0,20.833333333333332,0.076170913875103,0,18,34,18,1,7,1,1,0,0,Accept,68,9205
ryXZmzNeg,3,66,8,1039,156,3,26,2016,0,25.0,0.05617832764983177,0,20,31,19,0,0,0,1,1,3,Reject,98,1447
HkNKFiGex,4,60,7,877,118,3,31,2016,1,27.0,0.0600048191845417,0,29,22,16,1,3,1,1,1,2,Accept,149,1151
HkpbnH9lx,3,33,5,712,93,2,71,2016,1,29.0,0.07545547932386398,0,51,9,21,1,1,1,1,1,0,Accept,93,6074
HkNRsU5ge,2,30,4,910,148,3,18,2016,1,24.142857142857142,0.07557354867458344,0,14,89,24,1,0,0,1,1,0,Accept,210,8622
BJjn-Yixl,2,31,3,1108,171,2,27,2016,1,27.285714285714285,0.05823378637433052,1,18,22,28,0,3,1,1,1,0,Reject,98,179
B1oK8aoxe,3,66,7,1185,176,3,53,2017,1,28.714285714285715,0.06968273222446442,0,29,63,20,1,0,0,1,0,4,Accept,299,9605
ryTYxh5ll,3,113,16,640,90,1,36,2016,0,20.8,0.046528883278369904,0,31,22,16,0,8,1,1,1,0,Reject,8,54
H1GEvHcee,3,72,12,1266,192,2,35,2017,0,30.571428571428573,0.07592760026454926,0,21,35,17,1,15,1,1,0,2,Reject,160,1494
SJttqw5ge,4,88,9,1318,197,2,42,2016,1,30.142857142857142,0.058365173637866974,0,24,42,23,1,12,1,1,1,0,Reject,271,11691
HyCRyS9gx,2,70,9,1342,202,2,22,2016,0,36.166666666666664,0.06253733485937119,0,13,34,17,1,3,1,1,1,0,Reject,70,501
ry_sjFqgx,3,55,7,948,157,0,39,2017,1,26.142857142857142,0.07599195837974548,0,26,43,11,1,2,1,1,0,0,Accept,105,2054
rkuDV6iex,3,51,8,531,76,1,37,2016,1,23.0,0.08390204608440399,1,18,46,26,1,3,1,1,1,5,Reject,33,1297
H1acq85gx,3,29,4,891,126,0,48,2017,0,23.333333333333332,0.09146809577941895,0,26,56,16,1,1,1,1,1,0,Accept,90,3133
SJx7Jrtgl,7,75,8,956,144,2,30,2016,0,32.8,0.06099473312497139,1,25,41,16,1,1,1,1,0,0,Reject,0,0
rk9eAFcxg,4,56,6,837,108,2,28,2016,1,34.25,0.06351474672555923,1,13,301,20,1,6,1,1,1,0,Accept,178,2637
r1YNw6sxg,3,66,9,1845,274,3,53,2016,0,31.0,0.05655713006854057,0,24,76,21,1,7,1,1,1,0,Accept,299,9605
HkzuKpLgg,5,64,8,1180,175,2,24,2016,0,31.142857142857142,0.05847251042723656,1,12,380,9,0,1,1,0,1,0,Reject,162,3369
Bk_zTU5eg,2,88,11,1202,176,2,35,2016,1,29.285714285714285,0.06117631122469902,0,30,114,7,1,1,1,1,1,0,Reject,60,657
Bkfwyw5xg,5,86,10,634,98,2,44,2016,0,18.833333333333332,0.05111222341656685,0,29,38,1,1,7,1,1,0,0,Reject,199,938
SJqaCVLxx,2,100,14,542,87,4,11,2009,1,16.833333333333332,0.05806724727153778,0,0,0,12,0,9,1,1,0,0,Reject,29,356
Hkg8bDqee,4,79,9,832,129,3,11,2016,1,20.571428571428573,0.06240971386432648,1,8,22,20,1,0,0,1,0,0,Accept,23,30
ryhqQFKgl,2,98,12,1273,178,0,29,2016,0,26.75,0.03375883027911186,0,18,27,15,1,5,1,1,0,0,Accept,203,2086
Sk36NgFeg,3,65,11,1300,204,3,34,2016,1,28.5,0.061750706285238266,0,13,54,12,0,0,0,1,0,0,Reject,161,2091
HJKkY35le,5,48,5,845,129,2,24,2016,1,38.5,0.06599500775337219,1,24,335,18,1,4,1,1,0,0,Accept,539,64834
HJ1kmv9xx,4,78,10,716,104,3,31,2017,1,24.8,0.04921843484044075,0,22,55,28,1,3,1,1,0,0,Accept,133,4659
BJKYvt5lg,7,52,9,872,128,2,24,2016,1,19.0,0.05591806396842003,1,21,32,18,0,2,1,1,0,1,Accept,133,12282
rJo9n9Feg,5,78,13,1088,170,1,14,2016,1,22.333333333333332,0.05614328756928444,0,12,290,15,0,1,1,0,0,1,Reject,114,516
S1j4RqYxg,2,63,8,355,59,1,3,2011,0,11.833333333333334,0.08418747037649155,0,0,24,11,0,0,0,0,1,0,Reject,93,7255
SJ8BZTjeg,2,74,8,970,141,0,18,2016,1,20.625,0.06291744858026505,0,17,60,11,0,0,0,1,1,0,Reject,509,23615
SJvYgH9xe,2,62,9,830,132,3,17,2016,1,29.0,0.05205252021551132,1,16,213,24,1,9,1,0,1,2,Accept,20,1244
rkEFLFqee,5,68,9,1260,181,3,11,2016,1,27.5,0.05257195979356766,1,9,51,21,1,0,0,1,0,1,Accept,112,10695
HyM25Mqel,7,53,7,483,62,2,32,2016,0,36.5,0.05341924726963043,0,25,79,18,1,0,0,1,1,1,Accept,150,15311
SkB-_mcel,5,77,8,1751,250,3,34,2016,1,21.0,0.05578010529279709,1,23,53,12,1,3,1,1,0,2,Accept,185,3001
ByqiJIqxg,10,62,8,1051,165,3,38,2016,0,35.0,0.05884923040866852,0,17,277,16,1,1,1,1,1,0,Accept,138,2756
BJrFC6ceg,4,103,13,908,129,0,22,2016,1,13.416666666666666,0.05721025541424751,1,18,160,17,0,4,1,1,1,1,Accept,17,8346
Bkepl7cee,3,73,9,1304,193,0,20,2017,1,25.666666666666668,0.06072671711444855,0,19,51,14,0,3,1,1,0,1,Reject,215,2825
BJtNZAFgg,3,28,3,911,122,0,33,2016,1,35.0,0.06703604757785797,0,29,40,18,1,3,1,1,0,4,Accept,434,42468
ryb-q1Olg,3,42,5,2124,309,3,29,2016,1,24.642857142857142,0.050094932317733765,0,9,29,13,0,2,1,1,0,0,Reject,98,9956
